{
    "money": 3.6899999999999653,
    "gn": [
        1,
        0,
        0,
        0,
        0,
        0,
        0,
        0,
        0,
        0,
        0
    ],
    "upg": [
        0,
        0,
        0,
        0,
        0,
        0,
        0,
        0,
        0,
        0,
        0
    ],
    "sanity": 99.87700000000116,
    "time": 7.439999999999929
}