{
    "money": 16102243.580019066,
    "gn": [
        50,
        45,
        35,
        25,
        20,
        15,
        11,
        1,
        0,
        0,
        0
    ],
    "upg": [
        4,
        4,
        4,
        4,
        4,
        2,
        0,
        0,
        0,
        0,
        0
    ],
    "sanity": 63.70200000034251,
    "time": 7626.580000018021
}