{
    "money": 250.00000000005406,
    "gn": [
        2,
        0,
        0,
        0,
        0,
        0,
        0,
        0,
        0,
        0,
        0
    ],
    "upg": [
        0,
        0,
        0,
        0,
        0,
        0,
        0,
        0,
        0,
        0,
        0
    ],
    "sanity": 95.73833333337355,
    "time": 255.96000000005714
}