{
    "money": 25456375.530018784,
    "gn": [
        50,
        45,
        35,
        25,
        20,
        15,
        8,
        1,
        0,
        0,
        0
    ],
    "upg": [
        4,
        4,
        4,
        4,
        4,
        2,
        0,
        0,
        0,
        0,
        0
    ],
    "sanity": 64.9496666669974,
    "time": 7551.620000016384
}