{
    "money": 1.2345678901234568e+39,
    "gn": [
        1,
        1,
        1,
        1,
        1,
        1,
        1,
        1,
        1,
        1,
        1
    ],
    "upg": [
        0,
        0,
        0,
        0,
        0,
        0,
        0,
        0,
        0,
        0,
        0
    ],
    "sanity": 98.91633333334356,
    "time": 65.0400000000042,
    "milestones": [
        [
            100,
            "You have made your first $100. The first step to richness."
        ],
        [
            1000,
            "Your first $1000. You're on the right track!"
        ],
        [
            100000,
            "$100000 reached. This is impressive."
        ],
        [
            10000000,
            "$10 Million is fantastic!."
        ],
        [
            1000000000,
            "$1 Billion"
        ],
        [
            1000000000000,
            "$1 Trillion"
        ],
        [
            1000000000000000,
            "$1 Quadrillion"
        ],
        [
            1000000000000000000000000000000000,
            "$1 DECILLION"
        ],
        1,
        "Power Plant",
        1,
        "Casino",
        1,
        "Bank",
        1,
        "Hotel",
        1,
        "Warehouse",
        1,
        "Shopping Centre",
        1,
        "Mine",
        1,
        "McDolands",
        1,
        "Car Wash",
        1,
        "Green Grocer"
    ]
}