{
    "money": 1e+43,
    "gn": [
        100,
        100,
        100,
        100,
        100,
        100,
        100,
        100,
        100,
        100,
        100
    ],
    "upg": [
        5,
        5,
        5,
        5,
        5,
        5,
        5,
        5,
        5,
        4,
        5
    ],
    "sanity": 98.00666666668548,
    "time": 119.93999999999328
}