{
    "money": 14034907.58001894,
    "gn": [
        50,
        45,
        35,
        25,
        20,
        15,
        11,
        1,
        0,
        0,
        0
    ],
    "upg": [
        4,
        4,
        4,
        4,
        4,
        2,
        0,
        0,
        0,
        0,
        0
    ],
    "sanity": 63.81533333367477,
    "time": 7619.760000017872
}