{
    "money": 1e+43,
    "gn": [
        100,
        100,
        100,
        100,
        100,
        100,
        100,
        100,
        100,
        100,
        100
    ],
    "upg": [
        5,
        5,
        5,
        5,
        5,
        5,
        5,
        5,
        5,
        4,
        5
    ],
    "sanity": 97.6370000000223,
    "time": 142.1399999999989
}