{
    "money": 43294597.560016364,
    "gn": [
        50,
        35,
        25,
        20,
        15,
        10,
        5,
        1,
        0,
        0,
        0
    ],
    "upg": [
        4,
        4,
        4,
        4,
        4,
        2,
        0,
        0,
        0,
        0,
        0
    ],
    "sanity": 67.12866666697684,
    "time": 7420.820000013529
}